﻿{"cameraMode":{"drawMode":0,"name":"Shaded","section":"Shading Mode"},"sceneLighting":true,"audioPlay":false,"sceneViewState":{"showFog":true,"showMaterialUpdate":true,"showSkybox":true,"showFlares":true,"showImageEffects":true,"showParticleSystems":true},"in2DMode":false,"pivot":{"x":-0.027321167290210725,"y":0.16311195492744447,"z":-0.09398157894611359},"rotation":{"x":0.04455062001943588,"y":0.9516420364379883,"z":-0.25396931171417239,"w":0.16700972616672517},"size":10.144594192504883,"orthographic":false}